{
    "loss": 3.3921024799346924,
    "accuracy": 0.6575682163238525
}