{
    "loss": 2.2749695777893066,
    "accuracy": 0.6873449087142944
}